s,,ؓ,{
Dys,4958,25065,18210
Xs,6528,23463,14759
s,4068,23174,16821
s,5708,23066,13191
Hcs,4755,24263,16832
R`s,7743,19051,14618
s,3678,22098,11749
ˎs,4551,21131,13809
Fs{s,5013,20221,13280
Os,3355,18048,10708
܎s,5983,26137,16873
ts,6789,22651,16793
s敔,7345,22469,16196
ls,6195,22343,15279
Vs,4271,27027,15973
xRs,5348,21150,14460
s,7551,21753,14527
s,7442,17851,13815
b{s,4878,21490,12425
s,3119,20863,13675
򕌎s,6882,19179,13569
És,5246,24005,17102
És,5553,21165,16815
Îs,8254,17937,16496
Îs,9523,20652,18777
ss,8714,17825,18336
s,10125,20975,18250
_ˎs,7939,19536,17612
ޗǎs,10288,18142,17191
a̎Rs,9691,19906,17848
s,7687,20349,21097
]s,6387,21457,19389
Rs,6719,19698,16776
Ls,9330,21216,18284
Rs,8519,20683,18584
s,7660,16124,14738
s,8876,20329,18972
Rs,9388,19831,17402
ms,7859,19929,18831
s,7515,20814,21561
s,9412,19818,19531
s,6674,16047,16304
F{s,7951,18677,20250
啪s,8858,18952,20455
{s,7794,19359,19245
s,6748,20779,19973
ߔes,6965,18710,12603
